"Timestamp","Username","Full Name","Age Range","Gender","Location (City & Country)","Are you a:","Phone Number ","How would you describe your worldview?
","How familiar are you with secular humanism?","Which values resonate most with you? (Select up to 3)","What drew you to this community?","What are you hoping to gain from this community?
","What challenges (if any) are you currently facing that a community like this could support?","What would make this community valuable enough for you to stay engaged long-term?","What areas interest you most? (Select all that apply)","How would you prefer to participate?","What types of activities interest you? (Select up to 3)","How often would you like to engage?","How would you like to receive updates?"
"2026/04/20 6:31:58 PM GMT+1","samuelmelly425@gmail.com","Melody F. Samuel","18 - 25","Male","lle-ife, Osun State","Returning Member","07081200764","Atheist","5","Ethics without religion;Community & belonging;Science & reason;Human rights & equality","Community and a place to belong","A family","None","More activties, offline and online.","Philosophy & ethics;Science & education;Networking & friendships;Social impact / activism","Both","Discussions / Forums;Book Club;Social Hangouts;Workshops / Seminars","Weekly","Email"
"2026/04/20 10:09:34 PM GMT+1","nazaekpere.ji@gmail.com","Chinaza James-Ibe ","18 - 25","Female","Imo, Nigeria ","New Member","08106833221","Non-Religious","3","Ethics without religion;Science & reason;Human rights & equality","","I'd like to connect with like minded people and broaden my worldview. ","","Intelligent conversations that introduces me things I never thought of. I love to think and challenge my mind. I'd also like some action. After the discussions, and everything if there's anything at all we can do to make the world even a little better than the mess it is now, I am in. Also, the kindness and acceptance of people around. People who focus more on teaching rather than judgement, because we're all like-minds, who've come together to make a difference, no? ","Philosophy & ethics","Both","Discussions / Forums;Book Club;Volunteering / Outreach","Monthly","Email"
"2026/04/21 6:13:45 AM GMT+1","chiomablack2001@gmail.com","Chioma Black","18 - 25","Female","Enugu, Nigeria ","New Member","07015457824","Humanist","3","Human rights & equality","I was introduced by a friend ","Personal growth and higher awareness ","Religious ","Tolerance and absence of conformity ","Science & education;Career / skill development;Networking & friendships;Mental wellbeing","Both","Discussions / Forums;Book Club;Volunteering / Outreach","Monthly","Whatsapp"
"2026/04/21 6:45:34 AM GMT+1","anthonymaduka71@gmail.com","Maduka Anthony ikenna ","40 - 55","Male","Aba, Nigeria ","Returning Member","0803 783 5130 ","Humanist","1","Ethics without religion;Personal growth;Community & belonging;Science & reason","For humanistic purposes ","More understanding of the universe and human ","Looking for a way to impact the human race on the concept of direct knowledge of God, rather than the idea of a mediator of God through various religions bodies ","By creating an Avenue for our esteemed members to regularly be having a common ground were we can be meeting and discuss further on our values and way of moving forward. ","Philosophy & ethics;Science & education;Career / skill development;Networking & friendships;Social impact / activism;Mental wellbeing","Both","Discussions / Forums;Social Hangouts;Workshops / Seminars","Weekly","Whatsapp"
"2026/04/23 2:46:32 AM GMT+1","blessinbrian@gmail.com","B. B. Inyang","26 - 39","Male","Enugu, Nigeria","Returning Member","+2348186423960","Humanist","3","Ethics without religion;Personal growth;Community & belonging;Science & reason;Human rights & equality","---","----","---","----","Philosophy & ethics;Science & education;Career / skill development;Networking & friendships;Social impact / activism;Mental wellbeing","Both","Discussions / Forums;Book Club;Volunteering / Outreach;Social Hangouts;Workshops / Seminars","Weekly","Whatsapp"
"2026/04/23 5:16:25 AM GMT+1","Najeebabubakar3rd@gmail.com","Najibu Abubakar","26 - 39","Male","Bauchi,bauchi, Nigeria","New Member","07060732239","Humanist","2","Community & belonging;Science & reason;Human rights & equality","Knowledge","Knowledge","They are many ","Nice","Science & education;Networking & friendships","Both","Volunteering / Outreach;Workshops / Seminars","Weekly","Email"
"2026/04/23 9:16:55 AM GMT+1","muhammedbabangida29@gmail.com","Muhammed Babangida","26 - 39","Male","Gashua","New Member","07032122593","Humanist","5","Personal growth;Community & belonging;Human rights & equality","To contribute to humanity","The build a capacity on humanitarian and public engagement ","I always need to grow, a community like your own will prepare me with capacity building.","The community is in line with my skills and values, hence, I will stay positive for long with your organization.","Science & education;Career / skill development;Networking & friendships;Social impact / activism","Both","Discussions / Forums;Volunteering / Outreach;Workshops / Seminars","Weekly","Email"
"2026/04/23 9:54:52 AM GMT+1","julietobi777@gmail.com","Juliet Obiajulu ","26 - 39","Female","Delta Nigeria ","New Member","08130922127","Theist","1","Personal growth;Science & reason","","Networking ","Empowerment ","Impacting ","Science & education;Networking & friendships","Physically Only","Workshops / Seminars","Monthly","Whatsapp"
"2026/04/23 10:34:30 AM GMT+1","emmanuelikeamadi@gmail.com","Emmanuel Ike","26 - 39","Male","Port Harcourt","New Member","09157818284","Humanist","2","Personal growth;Community & belonging","A desire for Humanity and compassion towards humanity with need to drive society growth, development and solving Humanity Problems.","meeting Community of Like MInded persons to foster Collaboration, build momentum and community to work together towards achieving societal growth and developmen.","Critical Analysis of issues.
Community involvement.","Committed to improving Humanity and development goals","Philosophy & ethics;Science & education;Career / skill development;Networking & friendships;Social impact / activism","Both","Discussions / Forums;Book Club;Volunteering / Outreach;Social Hangouts","Monthly","Whatsapp"